{
    "items": [
        {
            "content_type": "text/x-wiki",
            "revision": "82549",
            "timestamp": "1384452156",
            "title": "Wikinews:Sandbox",
            "type": "article"
        }
    ],
    "licenses": [
        {
            "mw_rights_icon": "",
            "mw_rights_page": "",
            "mw_rights_text": "",
            "mw_rights_url": "",
            "name": "License",
            "type": "license"
        }
    ],
    "summary": "",
    "type": "collection",
    "version": 1,
    "wikis": [
        {
            "baseurl": "http://mwalker-enwikinews.instance-proxy.wmflabs.org/",
            "imagesize": 1200,
            "keep_tmpfiles": false,
            "output": "/tmp/nslave/9a/9a193aaf99cb43e1/collection.zip",
            "script_extension": ".php",
            "status_file": "qserve://localhost:14311/9a193aaf99cb43e1:makezip",
            "type": "wikiconf"
        }
    ]
}